invoice_num,document_type,vendor_num,vendor_name,company_code,invoice_date,posting_date,fiscal_year,fiscal_period,due_date,payment_date,invoice_reference,po_number,gl_account,cost_center,expense_type,invoice_amount,discount_terms,discount_amount,discount_due_date,discount_captured,amount_paid,currency,payment_method,payment_terms,payment_block,status,fx_rate_used,invoice_amount_usd,amount_paid_usd,days_to_pay,outstanding_amount,outstanding_amount_usd,is_overdue,days_past_due,aging_bucket,is_discount_eligible,discount_captured_calc,discount_missed_calc,captured_discount_value,missed_discount_value,is_po_based,has_po_exception,first_pass_match,late_payment_flag,blocked_over_30_days,in_review_over_15_days,missed_discount_flag,duplicate_risk_flag,posting_month_num,posting_month_name,posting_month_label,is_exception,issue_type,urgency_level,urgency_sort,days_open_as_of_snapshot
INV-1001,KA,V001,Office Supply Co,US01,2025-01-02,2025-01-03,2025,1,2025-02-02,2025-02-04,SI-1001,,620000,CC-400,Office Supplies,525.67,Net 30,0.0,,,525.67,USD,ACH,Net 30,,Paid,1.0,525.67,525.67,32.0,0.0,0.0,False,,Current,False,False,False,0.0,0.0,False,False,False,True,False,False,False,False,1,Jan,Jan 2025,True,Late Payment,Yellow,3.0,
INV-1002,KR,V006,Northside Transport,US02,2025-01-02,2025-01-03,2025,1,2025-02-02,2025-01-29,NT-1001,PO-45001,610000,CC-300,Freight,2623.07,Net 30,0.0,,,2623.07,USD,Wire,Net 30,,Paid,1.0,2623.07,2623.07,26.0,0.0,0.0,False,,Current,False,False,False,0.0,0.0,True,False,True,False,False,False,False,False,1,Jan,Jan 2025,False,,,9.0,
INV-1003,KR,V012,Continental Freight,US02,2025-01-02,2025-01-03,2025,1,2025-02-02,2025-01-11,CF-1001,PO-45002,610000,CC-300,Freight,3342.31,2/10 Net 30,66.85,2025-01-13,,2005.39,USD,Wire,2/10 Net 30,,Partially Paid,1.0,3342.31,2005.39,,1336.92,1336.92,True,148,90+ Days,True,False,True,0.0,66.85,True,False,True,False,False,False,True,False,1,Jan,Jan 2025,True,Missed Discount,Amber,2.0,178
INV-1004,KR,V006,Northside Transport,US02,2025-01-03,2025-01-06,2025,1,2025-02-05,2025-02-07,NT-1002,PO-45003,610000,CC-300,Freight,2363.08,Net 30,0.0,,,2363.08,USD,Wire,Net 30,,Paid,1.0,2363.08,2363.08,32.0,0.0,0.0,False,,Current,False,False,False,0.0,0.0,True,False,True,True,False,False,False,False,1,Jan,Jan 2025,True,Late Payment,Yellow,3.0,
INV-1005,KR,V013,EuroFreight GmbH,US02,2025-01-07,2025-01-08,2025,1,2025-02-07,2025-01-21,EF-1001,PO-45004,610000,CC-300,Freight,1777.36,Net 30,0.0,,,1777.36,EUR,Wire,Net 30,,Paid,1.0721,1905.51,1905.51,13.0,0.0,0.0,False,,Current,False,False,False,0.0,0.0,True,False,True,False,False,False,False,False,1,Jan,Jan 2025,False,,,9.0,
INV-1006,KA,V007,IT Services Group,US01,2025-01-08,2025-01-09,2025,1,2025-02-23,2025-02-02,IT-1001,,640000,CC-100,Professional Services,1337.83,Net 45,0.0,,,1337.83,USD,ACH,Net 45,,Paid,1.0,1337.83,1337.83,24.0,0.0,0.0,False,,Current,False,False,False,0.0,0.0,False,False,False,False,False,False,False,False,1,Jan,Jan 2025,False,,,9.0,
INV-1007,KR,V002,Logistics Partners,US02,2025-01-09,2025-01-10,2025,1,2025-02-09,2025-01-18,VI-1001,PO-45005,610000,CC-300,Freight,1444.45,Net 30,0.0,,,1444.45,USD,Wire,Net 30,,Paid,1.0,1444.45,1444.45,8.0,0.0,0.0,False,,Current,False,False,False,0.0,0.0,True,False,True,False,False,False,False,False,1,Jan,Jan 2025,False,,,9.0,
INV-1008,KR,V002,Logistics Partners,US02,2025-01-09,2025-01-10,2025,1,2025-02-09,2025-01-15,VI-1002,PO-45006,610000,CC-300,Freight,2542.85,Net 30,0.0,,,2542.85,USD,Wire,Net 30,,Paid,1.0,2542.85,2542.85,5.0,0.0,0.0,False,,Current,False,False,False,0.0,0.0,True,False,True,False,False,False,False,False,1,Jan,Jan 2025,False,,,9.0,
INV-1009,KA,V011,West Coast Paper,US01,2025-01-09,2025-01-10,2025,1,2025-01-25,,WC-1001,,620000,CC-400,Office Supplies,567.87,Net 15,0.0,,,0.0,USD,,Net 15,A,Blocked,1.0,567.87,0.0,,567.87,567.87,True,156,90+ Days,False,False,False,0.0,0.0,False,False,False,False,True,False,False,False,1,Jan,Jan 2025,True,Blocked Over 30 Days,Red,1.0,171
INV-1010,KR,V015,Suministros MX,MX01,2025-01-15,2025-01-16,2025,1,2025-02-15,,MX-1001,PO-45007,660000,CC-200,Packaging,7130.38,Net 30,0.0,,,0.0,MXN,,Net 30,A,Blocked,0.0572,407.86,0.0,,7130.38,407.86,True,135,90+ Days,False,False,False,0.0,0.0,True,True,False,False,True,False,False,False,1,Jan,Jan 2025,True,Blocked Over 30 Days,Red,1.0,165
INV-1011,KA,V011,West Coast Paper,US01,2025-01-16,2025-01-17,2025,1,2025-02-01,2025-01-30,WC-1002,,620000,CC-400,Office Supplies,410.58,Net 15,0.0,,,410.58,USD,ACH,Net 15,,Paid,1.0,410.58,410.58,13.0,0.0,0.0,False,,Current,False,False,False,0.0,0.0,False,False,False,False,False,False,False,False,1,Jan,Jan 2025,False,,,9.0,
INV-1012,RE,V008,Vendor One Foods,US01,2025-01-18,2025-01-20,2025,1,2025-02-19,2025-02-10,VF-1001,PO-45008,400000,CC-200,Inventory,1478.39,Net 30,0.0,,,1478.39,USD,ACH,Net 30,,Paid,1.0,1478.39,1478.39,21.0,0.0,0.0,False,,Current,False,False,False,0.0,0.0,True,False,True,False,False,False,False,False,1,Jan,Jan 2025,False,,,9.0,
INV-1013,KA,V009,Cleaning Solutions,US02,2025-01-19,2025-01-20,2025,1,2025-02-19,2025-02-16,CS-1001,,650000,CC-400,Facilities,379.47,Net 30,0.0,,,379.47,USD,Check,Net 30,,Paid,1.0,379.47,379.47,27.0,0.0,0.0,False,,Current,False,False,False,0.0,0.0,False,False,False,False,False,False,False,False,1,Jan,Jan 2025,False,,,9.0,
INV-1014,KA,V005,City Utilities,US01,2025-01-20,2025-01-21,2025,1,2025-02-05,,UT-1001,,630000,CC-400,Utilities,651.71,Net 15,0.0,,,0.0,USD,,Net 15,A,Blocked,1.0,651.71,0.0,,651.71,651.71,True,145,90+ Days,False,False,False,0.0,0.0,False,False,False,False,True,False,False,False,1,Jan,Jan 2025,True,Blocked Over 30 Days,Red,1.0,160
INV-1015,RE,V004,Fresh Beverages Inc,US01,2025-01-23,2025-01-24,2025,1,2025-02-23,2025-02-05,FI-1001,PO-45009,400000,CC-200,Inventory,2604.2,Net 30,0.0,,,2604.2,USD,ACH,Net 30,,Paid,1.0,2604.2,2604.2,12.0,0.0,0.0,False,,Current,False,False,False,0.0,0.0,True,False,True,False,False,False,False,False,1,Jan,Jan 2025,False,,,9.0,
INV-1016,KR,V010,Metro Packaging,US02,2025-01-24,2025-01-27,2025,1,2025-02-26,2025-02-05,MP-1001,PO-45010,660000,CC-200,Packaging,962.83,2/10 Net 30,19.26,2025-02-06,True,962.83,USD,ACH,2/10 Net 30,,Paid,1.0,962.83,962.83,9.0,0.0,0.0,False,,Current,True,True,False,19.26,0.0,True,False,True,False,False,False,False,False,1,Jan,Jan 2025,False,,,9.0,
INV-1017,KA,V014,Alpha Facilities Mgmt,US03,2025-01-24,2025-01-27,2025,1,2025-02-26,2025-02-04,AF-1001,,650000,CC-400,Facilities,700.72,Net 30,0.0,,,700.72,USD,Check,Net 30,,Paid,1.0,700.72,700.72,8.0,0.0,0.0,False,,Current,False,False,False,0.0,0.0,False,False,False,False,False,False,False,False,1,Jan,Jan 2025,False,,,9.0,
INV-1018,KR,V003,Packaging World,US02,2025-01-25,2025-01-27,2025,1,2025-02-26,,REF-1001,PO-45011,660000,CC-200,Packaging,482.87,Net 30,0.0,,,0.0,USD,,Net 30,,In Review,1.0,482.87,0.0,,482.87,482.87,True,124,90+ Days,False,False,False,0.0,0.0,True,True,False,False,False,True,False,False,1,Jan,Jan 2025,True,In Review Over 15 Days,Amber,2.0,154
INV-1019,KR,V012,Continental Freight,US02,2025-01-26,2025-01-27,2025,1,2025-02-26,2025-02-22,CF-1002,PO-45012,610000,CC-300,Freight,3170.94,2/10 Net 30,63.42,2025-02-06,True,3170.94,USD,Wire,2/10 Net 30,,Paid,1.0,3170.94,3170.94,26.0,0.0,0.0,False,,Current,True,False,True,0.0,63.42,True,False,True,False,False,False,True,False,1,Jan,Jan 2025,True,Missed Discount,Amber,2.0,
INV-1020,KA,V011,West Coast Paper,US01,2025-02-03,2025-02-04,2025,2,2025-02-19,2025-02-14,WC-1003,,620000,CC-400,Office Supplies,471.21,Net 15,0.0,,,471.21,USD,ACH,Net 15,,Paid,1.0,471.21,471.21,10.0,0.0,0.0,False,,Current,False,False,False,0.0,0.0,False,False,False,False,False,False,False,False,2,Feb,Feb 2025,False,,,9.0,
INV-1021,KR,V003,Packaging World,US02,2025-02-04,2025-02-05,2025,2,2025-03-07,,REF-1002,PO-45013,660000,CC-200,Packaging,0.0,Net 30,0.0,,,0.0,USD,,Net 30,,Voided,1.0,0.0,0.0,,0.0,0.0,False,,Current,False,False,False,0.0,0.0,True,False,True,False,False,False,False,False,2,Feb,Feb 2025,True,Voided Invoice,Yellow,3.0,
INV-1022,RE,V008,Vendor One Foods,US01,2025-02-04,2025-02-05,2025,2,2025-03-07,2025-02-14,VF-1002,PO-45014,400000,CC-200,Inventory,3926.93,Net 30,0.0,,,3926.93,USD,ACH,Net 30,,Paid,1.0,3926.93,3926.93,9.0,0.0,0.0,False,,Current,False,False,False,0.0,0.0,True,False,True,False,False,False,False,False,2,Feb,Feb 2025,False,,,9.0,
INV-1023,KA,V014,Alpha Facilities Mgmt,US03,2025-02-04,2025-02-05,2025,2,2025-03-07,,AF-1002,,650000,CC-400,Facilities,811.75,Net 30,0.0,,,0.0,USD,,Net 30,,Overdue,1.0,811.75,0.0,,811.75,811.75,True,115,90+ Days,False,False,False,0.0,0.0,False,False,False,False,False,False,False,False,2,Feb,Feb 2025,True,Overdue Invoice,Red,1.0,145
INV-1024,KR,V003,Packaging World,US02,2025-02-05,2025-02-06,2025,2,2025-03-08,2025-03-06,REF-1003,PO-45015,660000,CC-200,Packaging,804.33,Net 30,0.0,,,804.33,USD,ACH,Net 30,,Paid,1.0,804.33,804.33,28.0,0.0,0.0,False,,Current,False,False,False,0.0,0.0,True,False,True,False,False,False,False,False,2,Feb,Feb 2025,False,,,9.0,
INV-1025,RE,V004,Fresh Beverages Inc,US01,2025-02-05,2025-02-06,2025,2,2025-03-08,2025-02-27,FI-1002,PO-45016,400000,CC-200,Inventory,1550.73,Net 30,0.0,,,1550.73,USD,ACH,Net 30,,Paid,1.0,1550.73,1550.73,21.0,0.0,0.0,False,,Current,False,False,False,0.0,0.0,True,False,True,False,False,False,False,False,2,Feb,Feb 2025,False,,,9.0,
INV-1026,KA,V007,IT Services Group,US01,2025-02-05,2025-02-06,2025,2,2025-03-23,2025-03-14,IT-1002,,640000,CC-100,Professional Services,874.95,Net 45,0.0,,,874.95,USD,ACH,Net 45,,Paid,1.0,874.95,874.95,36.0,0.0,0.0,False,,Current,False,False,False,0.0,0.0,False,False,False,False,False,False,False,False,2,Feb,Feb 2025,False,,,9.0,
INV-1027,KA,V001,Office Supply Co,US01,2025-02-06,2025-02-07,2025,2,2025-03-09,,SI-1002,,620000,CC-400,Office Supplies,418.56,Net 30,0.0,,,0.0,USD,,Net 30,,Overdue,1.0,418.56,0.0,,418.56,418.56,True,113,90+ Days,False,False,False,0.0,0.0,False,False,False,False,False,False,False,False,2,Feb,Feb 2025,True,Overdue Invoice,Red,1.0,143
INV-1028,KR,V010,Metro Packaging,US02,2025-02-08,2025-02-10,2025,2,2025-03-12,2025-02-22,MP-1002,PO-45017,660000,CC-200,Packaging,609.56,2/10 Net 30,12.19,2025-02-20,False,609.56,USD,ACH,2/10 Net 30,,Paid,1.0,609.56,609.56,12.0,0.0,0.0,False,,Current,True,False,True,0.0,12.19,True,False,True,False,False,False,True,False,2,Feb,Feb 2025,True,Missed Discount,Amber,2.0,
INV-1029,KR,V015,Suministros MX,MX01,2025-02-09,2025-02-10,2025,2,2025-03-12,,MX-1002,PO-45018,660000,CC-200,Packaging,0.0,Net 30,0.0,,,0.0,MXN,,Net 30,,Voided,0.0572,0.0,0.0,,0.0,0.0,False,,Current,False,False,False,0.0,0.0,True,False,True,False,False,False,False,False,2,Feb,Feb 2025,True,Voided Invoice,Yellow,3.0,
INV-1030,KA,V001,Office Supply Co,US01,2025-02-10,2025-02-11,2025,2,2025-03-13,2025-03-25,SI-1003,,620000,CC-400,Office Supplies,380.45,Net 30,0.0,,,380.45,USD,ACH,Net 30,,Paid,1.0,380.45,380.45,42.0,0.0,0.0,False,,Current,False,False,False,0.0,0.0,False,False,False,True,False,False,False,False,2,Feb,Feb 2025,True,Late Payment,Yellow,3.0,
INV-1031,KA,V005,City Utilities,US01,2025-02-10,2025-02-11,2025,2,2025-02-26,,UT-1002,,630000,CC-400,Utilities,661.57,Net 15,0.0,,,0.0,USD,,Net 15,,Overdue,1.0,661.57,0.0,,661.57,661.57,True,124,90+ Days,False,False,False,0.0,0.0,False,False,False,False,False,False,False,False,2,Feb,Feb 2025,True,Overdue Invoice,Red,1.0,139
INV-1032,KR,V013,EuroFreight GmbH,US02,2025-02-11,2025-02-12,2025,2,2025-03-14,,EF-1002,PO-45019,610000,CC-300,Freight,2091.24,Net 30,0.0,,,0.0,EUR,,Net 30,,Overdue,1.0721,2242.02,0.0,,2091.24,2242.02,True,108,90+ Days,False,False,False,0.0,0.0,True,False,True,False,False,False,False,False,2,Feb,Feb 2025,True,Overdue Invoice,Red,1.0,138
INV-1033,RE,V004,Fresh Beverages Inc,US01,2025-02-13,2025-02-14,2025,2,2025-03-16,2025-03-11,FI-1003,PO-45020,400000,CC-200,Inventory,4371.46,Net 30,0.0,,,4371.46,USD,ACH,Net 30,,Paid,1.0,4371.46,4371.46,25.0,0.0,0.0,False,,Current,False,False,False,0.0,0.0,True,False,True,False,False,False,False,False,2,Feb,Feb 2025,False,,,9.0,
INV-1034,KA,V007,IT Services Group,US01,2025-02-19,2025-02-20,2025,2,2025-04-06,,IT-1003,,640000,CC-100,Professional Services,1530.64,Net 45,0.0,,,0.0,USD,,Net 45,,Overdue,1.0,1530.64,0.0,,1530.64,1530.64,True,85,61-90 Days,False,False,False,0.0,0.0,False,False,False,False,False,False,False,False,2,Feb,Feb 2025,True,Overdue Invoice,Red,1.0,130
INV-1035,RE,V008,Vendor One Foods,US01,2025-02-19,2025-02-20,2025,2,2025-03-22,,VF-1003,PO-45021,400000,CC-200,Inventory,1358.95,Net 30,0.0,,,0.0,USD,,Net 30,,Overdue,1.0,1358.95,0.0,,1358.95,1358.95,True,100,90+ Days,False,False,False,0.0,0.0,True,False,True,False,False,False,False,False,2,Feb,Feb 2025,True,Overdue Invoice,Red,1.0,130
INV-1036,KR,V010,Metro Packaging,US02,2025-02-20,2025-02-21,2025,2,2025-03-23,,MP-1003,PO-45022,660000,CC-200,Packaging,691.72,2/10 Net 30,13.83,2025-03-03,,0.0,USD,,2/10 Net 30,,Overdue,1.0,691.72,0.0,,691.72,691.72,True,99,90+ Days,True,False,True,0.0,13.83,True,False,True,False,False,False,True,False,2,Feb,Feb 2025,True,Missed Discount,Amber,2.0,129
INV-1037,KA,V005,City Utilities,US01,2025-02-21,2025-02-24,2025,2,2025-03-11,2025-03-10,UT-1003,,630000,CC-400,Utilities,673.24,Net 15,0.0,,,673.24,USD,ACH,Net 15,,Paid,1.0,673.24,673.24,14.0,0.0,0.0,False,,Current,False,False,False,0.0,0.0,False,False,False,False,False,False,False,False,2,Feb,Feb 2025,False,,,9.0,
INV-1038,KA,V009,Cleaning Solutions,US02,2025-02-21,2025-02-24,2025,2,2025-03-26,,CS-1002,,650000,CC-400,Facilities,0.0,Net 30,0.0,,,0.0,USD,,Net 30,,Voided,1.0,0.0,0.0,,0.0,0.0,False,,Current,False,False,False,0.0,0.0,False,False,False,False,False,False,False,False,2,Feb,Feb 2025,True,Voided Invoice,Yellow,3.0,
INV-1039,KA,V009,Cleaning Solutions,US02,2025-02-22,2025-02-24,2025,2,2025-03-26,2025-03-22,CS-1003,,650000,CC-400,Facilities,426.05,Net 30,0.0,,,426.05,USD,Check,Net 30,,Paid,1.0,426.05,426.05,26.0,0.0,0.0,False,,Current,False,False,False,0.0,0.0,False,False,False,False,False,False,False,False,2,Feb,Feb 2025,False,,,9.0,
INV-1040,KR,V006,Northside Transport,US02,2025-02-25,2025-02-26,2025,2,2025-03-28,,NT-1003,PO-45023,610000,CC-300,Freight,1754.93,Net 30,0.0,,,0.0,USD,,Net 30,,Overdue,1.0,1754.93,0.0,,1754.93,1754.93,True,94,90+ Days,False,False,False,0.0,0.0,True,False,True,False,False,False,False,False,2,Feb,Feb 2025,True,Overdue Invoice,Red,1.0,124
INV-1041,KR,V002,Logistics Partners,US02,2025-02-26,2025-02-27,2025,2,2025-03-29,2025-03-09,VI-1003,PO-45024,610000,CC-300,Freight,2311.69,Net 30,0.0,,,2311.69,USD,Wire,Net 30,,Paid,1.0,2311.69,2311.69,10.0,0.0,0.0,False,,Current,False,False,False,0.0,0.0,True,False,True,False,False,False,False,False,2,Feb,Feb 2025,False,,,9.0,
INV-1042,KR,V012,Continental Freight,US02,2025-02-26,2025-02-27,2025,2,2025-03-29,2025-03-21,CF-1003,PO-45025,610000,CC-300,Freight,2823.59,2/10 Net 30,56.47,2025-03-09,False,2823.59,USD,Wire,2/10 Net 30,,Paid,1.0,2823.59,2823.59,22.0,0.0,0.0,False,,Current,True,False,True,0.0,56.47,True,False,True,False,False,False,True,False,2,Feb,Feb 2025,True,Missed Discount,Amber,2.0,
INV-1043,KR,V013,EuroFreight GmbH,US02,2025-03-03,2025-03-04,2025,3,2025-04-03,2025-03-28,EF-1003,PO-45026,610000,CC-300,Freight,2883.68,Net 30,0.0,,,2883.68,EUR,Wire,Net 30,,Paid,1.0721,3091.59,3091.59,24.0,0.0,0.0,False,,Current,False,False,False,0.0,0.0,True,False,True,False,False,False,False,False,3,Mar,Mar 2025,False,,,9.0,
INV-1044,KR,V003,Packaging World,US02,2025-03-07,2025-03-10,2025,3,2025-04-09,2025-04-21,REF-1004,PO-45027,660000,CC-200,Packaging,1105.13,Net 30,0.0,,,1105.13,USD,ACH,Net 30,,Paid,1.0,1105.13,1105.13,42.0,0.0,0.0,False,,Current,False,False,False,0.0,0.0,True,False,True,True,False,False,False,False,3,Mar,Mar 2025,True,Late Payment,Yellow,3.0,
INV-1045,RE,V008,Vendor One Foods,US01,2025-03-07,2025-03-10,2025,3,2025-04-09,2025-03-26,VF-1004,PO-45028,400000,CC-200,Inventory,4713.05,Net 30,0.0,,,4713.05,USD,ACH,Net 30,,Paid,1.0,4713.05,4713.05,16.0,0.0,0.0,False,,Current,False,False,False,0.0,0.0,True,False,True,False,False,False,False,False,3,Mar,Mar 2025,False,,,9.0,
INV-1046,RE,V004,Fresh Beverages Inc,US01,2025-03-08,2025-03-10,2025,3,2025-04-09,,FI-1004,PO-45029,400000,CC-200,Inventory,4248.49,Net 30,0.0,,,0.0,USD,,Net 30,,Overdue,1.0,4248.49,0.0,,4248.49,4248.49,True,82,61-90 Days,False,False,False,0.0,0.0,True,False,True,False,False,False,False,False,3,Mar,Mar 2025,True,Overdue Invoice,Red,1.0,112
INV-1047,KR,V012,Continental Freight,US02,2025-03-09,2025-03-10,2025,3,2025-04-09,,CF-1004,PO-45030,610000,CC-300,Freight,3132.97,2/10 Net 30,62.66,2025-03-20,,0.0,USD,,2/10 Net 30,,Overdue,1.0,3132.97,0.0,,3132.97,3132.97,True,82,61-90 Days,True,False,True,0.0,62.66,True,False,True,False,False,False,True,False,3,Mar,Mar 2025,True,Missed Discount,Amber,2.0,112
INV-1048,KA,V009,Cleaning Solutions,US02,2025-03-10,2025-03-11,2025,3,2025-04-10,2025-03-18,CS-1004,,650000,CC-400,Facilities,786.45,Net 30,0.0,,,786.45,USD,Check,Net 30,,Paid,1.0,786.45,786.45,7.0,0.0,0.0,False,,Current,False,False,False,0.0,0.0,False,False,False,False,False,False,False,False,3,Mar,Mar 2025,False,,,9.0,
INV-1049,KA,V014,Alpha Facilities Mgmt,US03,2025-03-12,2025-03-13,2025,3,2025-04-12,2025-03-27,AF-1003,,650000,CC-400,Facilities,364.86,Net 30,0.0,,,364.86,USD,Check,Net 30,,Paid,1.0,364.86,364.86,14.0,0.0,0.0,False,,Current,False,False,False,0.0,0.0,False,False,False,False,False,False,False,False,3,Mar,Mar 2025,False,,,9.0,
INV-1050,KR,V003,Packaging World,US02,2025-03-13,2025-03-14,2025,3,2025-04-13,,REF-1005,PO-45031,660000,CC-200,Packaging,577.95,Net 30,0.0,,,0.0,USD,,Net 30,,Overdue,1.0,577.95,0.0,,577.95,577.95,True,78,61-90 Days,False,False,False,0.0,0.0,True,False,True,False,False,False,False,False,3,Mar,Mar 2025,True,Overdue Invoice,Red,1.0,108
INV-1051,KA,V001,Office Supply Co,US01,2025-03-14,2025-03-17,2025,3,2025-04-16,,SI-1004,,620000,CC-400,Office Supplies,508.29,Net 30,0.0,,,0.0,USD,,Net 30,,Overdue,1.0,508.29,0.0,,508.29,508.29,True,75,61-90 Days,False,False,False,0.0,0.0,False,False,False,False,False,False,False,False,3,Mar,Mar 2025,True,Overdue Invoice,Red,1.0,105
INV-1052,KA,V009,Cleaning Solutions,US02,2025-03-14,2025-03-17,2025,3,2025-04-16,2025-03-25,CS-1005,,650000,CC-400,Facilities,576.18,Net 30,0.0,,,288.09,USD,Check,Net 30,,Partially Paid,1.0,576.18,288.09,,288.09,288.09,True,75,61-90 Days,False,False,False,0.0,0.0,False,False,False,False,False,False,False,False,3,Mar,Mar 2025,True,Overdue Invoice,Red,1.0,105
INV-1053,KR,V015,Suministros MX,MX01,2025-03-14,2025-03-17,2025,3,2025-04-16,,MX-1003,PO-45032,660000,CC-200,Packaging,10120.95,Net 30,0.0,,,0.0,MXN,,Net 30,,Overdue,0.0572,578.92,0.0,,10120.95,578.92,True,75,61-90 Days,False,False,False,0.0,0.0,True,False,True,False,False,False,False,False,3,Mar,Mar 2025,True,Overdue Invoice,Red,1.0,105
INV-1054,KR,V002,Logistics Partners,US02,2025-03-16,2025-03-17,2025,3,2025-04-16,,VI-1004,PO-45033,610000,CC-300,Freight,2582.09,Net 30,0.0,,,0.0,USD,,Net 30,A,Blocked,1.0,2582.09,0.0,,2582.09,2582.09,True,75,61-90 Days,False,False,False,0.0,0.0,True,True,False,False,True,False,False,False,3,Mar,Mar 2025,True,Blocked Over 30 Days,Red,1.0,105
INV-1055,KA,V007,IT Services Group,US01,2025-03-19,2025-03-20,2025,3,2025-05-04,,IT-1004,,640000,CC-100,Professional Services,1477.39,Net 45,0.0,,,0.0,USD,,Net 45,,Overdue,1.0,1477.39,0.0,,1477.39,1477.39,True,57,31-60 Days,False,False,False,0.0,0.0,False,False,False,False,False,False,False,False,3,Mar,Mar 2025,True,Overdue Invoice,Red,1.0,102
INV-1056,KR,V006,Northside Transport,US02,2025-03-21,2025-03-24,2025,3,2025-04-23,2025-04-28,NT-1004,PO-45034,610000,CC-300,Freight,1552.23,Net 30,0.0,,,1552.23,USD,Wire,Net 30,,Paid,1.0,1552.23,1552.23,35.0,0.0,0.0,False,,Current,False,False,False,0.0,0.0,True,False,True,True,False,False,False,False,3,Mar,Mar 2025,True,Late Payment,Yellow,3.0,
INV-1057,KR,V002,Logistics Partners,US02,2025-03-22,2025-03-24,2025,3,2025-04-23,2025-04-01,VI-1005,PO-45035,610000,CC-300,Freight,1748.09,Net 30,0.0,,,1748.09,USD,Wire,Net 30,,Paid,1.0,1748.09,1748.09,8.0,0.0,0.0,False,,Current,False,False,False,0.0,0.0,True,False,True,False,False,False,False,False,3,Mar,Mar 2025,False,,,9.0,
INV-1058,RE,V004,Fresh Beverages Inc,US01,2025-03-23,2025-03-24,2025,3,2025-04-23,,FI-1005,PO-45036,400000,CC-200,Inventory,4928.37,Net 30,0.0,,,0.0,USD,,Net 30,,Overdue,1.0,4928.37,0.0,,4928.37,4928.37,True,68,61-90 Days,False,False,False,0.0,0.0,True,False,True,False,False,False,False,False,3,Mar,Mar 2025,True,Overdue Invoice,Red,1.0,98
INV-1059,KA,V005,City Utilities,US01,2025-03-23,2025-03-24,2025,3,2025-04-08,,UT-1004,,630000,CC-400,Utilities,514.49,Net 15,0.0,,,0.0,USD,,Net 15,,Overdue,1.0,514.49,0.0,,514.49,514.49,True,83,61-90 Days,False,False,False,0.0,0.0,False,False,False,False,False,False,False,False,3,Mar,Mar 2025,True,Overdue Invoice,Red,1.0,98
INV-1060,KR,V010,Metro Packaging,US02,2025-03-23,2025-03-24,2025,3,2025-04-23,,MP-1004,PO-45037,660000,CC-200,Packaging,1151.39,2/10 Net 30,23.03,2025-04-03,,0.0,USD,,2/10 Net 30,,Overdue,1.0,1151.39,0.0,,1151.39,1151.39,True,68,61-90 Days,True,False,True,0.0,23.03,True,False,True,False,False,False,True,False,3,Mar,Mar 2025,True,Missed Discount,Amber,2.0,98
INV-1061,KA,V005,City Utilities,US01,2025-03-24,2025-03-25,2025,3,2025-04-09,2025-04-06,UT-1005,,630000,CC-400,Utilities,346.14,Net 15,0.0,,,346.14,USD,ACH,Net 15,,Paid,1.0,346.14,346.14,12.0,0.0,0.0,False,,Current,False,False,False,0.0,0.0,False,False,False,False,False,False,False,False,3,Mar,Mar 2025,False,,,9.0,
INV-1062,KA,V011,West Coast Paper,US01,2025-03-26,2025-03-27,2025,3,2025-04-11,,WC-1004,,620000,CC-400,Office Supplies,390.29,Net 15,0.0,,,0.0,USD,,Net 15,,Overdue,1.0,390.29,0.0,,390.29,390.29,True,80,61-90 Days,False,False,False,0.0,0.0,False,False,False,False,False,False,False,False,3,Mar,Mar 2025,True,Overdue Invoice,Red,1.0,95
INV-1063,KA,V011,West Coast Paper,US01,2025-03-26,2025-03-27,2025,3,2025-04-11,2025-04-21,WC-1005,,620000,CC-400,Office Supplies,591.78,Net 15,0.0,,,591.78,USD,ACH,Net 15,,Paid,1.0,591.78,591.78,25.0,0.0,0.0,False,,Current,False,False,False,0.0,0.0,False,False,False,True,False,False,False,False,3,Mar,Mar 2025,True,Late Payment,Yellow,3.0,
INV-1064,KA,V001,Office Supply Co,US01,2025-04-04,2025-04-07,2025,4,2025-05-07,,SI-1005,,620000,CC-400,Office Supplies,317.28,Net 30,0.0,,,0.0,USD,,Net 30,,Overdue,1.0,317.28,0.0,,317.28,317.28,True,54,31-60 Days,False,False,False,0.0,0.0,False,False,False,False,False,False,False,False,4,Apr,Apr 2025,True,Overdue Invoice,Red,1.0,84
INV-1065,KA,V009,Cleaning Solutions,US02,2025-04-04,2025-04-07,2025,4,2025-05-07,2025-04-17,CS-1006,,650000,CC-400,Facilities,737.13,Net 30,0.0,,,737.13,USD,Check,Net 30,,Paid,1.0,737.13,737.13,10.0,0.0,0.0,False,,Current,False,False,False,0.0,0.0,False,False,False,False,False,False,False,False,4,Apr,Apr 2025,False,,,9.0,
INV-1066,KR,V015,Suministros MX,MX01,2025-04-04,2025-04-07,2025,4,2025-05-07,2025-04-18,MX-1004,PO-45038,660000,CC-200,Packaging,20779.33,Net 30,0.0,,,8311.73,MXN,Wire,Net 30,,Partially Paid,0.0572,1188.58,475.43,,12467.6,713.15,True,54,31-60 Days,False,False,False,0.0,0.0,True,False,True,False,False,False,False,False,4,Apr,Apr 2025,True,Overdue Invoice,Red,1.0,84
INV-1067,KR,V010,Metro Packaging,US02,2025-04-05,2025-04-07,2025,4,2025-05-07,,MP-1005,PO-45039,660000,CC-200,Packaging,1119.6,2/10 Net 30,22.39,2025-04-17,,0.0,USD,,2/10 Net 30,,In Review,1.0,1119.6,0.0,,1119.6,1119.6,True,54,31-60 Days,True,False,True,0.0,22.39,True,True,False,False,False,True,True,False,4,Apr,Apr 2025,True,In Review Over 15 Days,Amber,2.0,84
INV-1068,RE,V004,Fresh Beverages Inc,US01,2025-04-06,2025-04-07,2025,4,2025-05-07,,FI-1006,PO-45040,400000,CC-200,Inventory,1922.3,Net 30,0.0,,,0.0,USD,,Net 30,,Overdue,1.0,1922.3,0.0,,1922.3,1922.3,True,54,31-60 Days,False,False,False,0.0,0.0,True,False,True,False,False,False,False,False,4,Apr,Apr 2025,True,Overdue Invoice,Red,1.0,84
INV-1069,RE,V008,Vendor One Foods,US01,2025-04-06,2025-04-07,2025,4,2025-05-07,,VF-1005,PO-45041,400000,CC-200,Inventory,1368.67,Net 30,0.0,,,0.0,USD,,Net 30,,Overdue,1.0,1368.67,0.0,,1368.67,1368.67,True,54,31-60 Days,False,False,False,0.0,0.0,True,False,True,False,False,False,False,False,4,Apr,Apr 2025,True,Overdue Invoice,Red,1.0,84
INV-1070,KA,V001,Office Supply Co,US01,2025-04-08,2025-04-09,2025,4,2025-05-09,2025-04-21,SI-1006,,620000,CC-400,Office Supplies,318.03,Net 30,0.0,,,318.03,USD,ACH,Net 30,,Paid,1.0,318.03,318.03,12.0,0.0,0.0,False,,Current,False,False,False,0.0,0.0,False,False,False,False,False,False,False,False,4,Apr,Apr 2025,False,,,9.0,
INV-1071,KR,V002,Logistics Partners,US02,2025-04-08,2025-04-09,2025,4,2025-05-09,2025-04-15,VI-1006,PO-45042,610000,CC-300,Freight,2654.51,Net 30,0.0,,,2654.51,USD,Wire,Net 30,,Paid,1.0,2654.51,2654.51,6.0,0.0,0.0,False,,Current,False,False,False,0.0,0.0,True,False,True,False,False,False,False,False,4,Apr,Apr 2025,False,,,9.0,
INV-1072,KA,V005,City Utilities,US01,2025-04-09,2025-04-10,2025,4,2025-04-25,,UT-1006,,630000,CC-400,Utilities,568.25,Net 15,0.0,,,0.0,USD,,Net 15,,Overdue,1.0,568.25,0.0,,568.25,568.25,True,66,61-90 Days,False,False,False,0.0,0.0,False,False,False,False,False,False,False,False,4,Apr,Apr 2025,True,Overdue Invoice,Red,1.0,81
INV-1073,RE,V008,Vendor One Foods,US01,2025-04-09,2025-04-10,2025,4,2025-05-10,2025-05-21,VF-1006,PO-45043,400000,CC-200,Inventory,2584.04,Net 30,0.0,,,2584.04,USD,ACH,Net 30,,Paid,1.0,2584.04,2584.04,41.0,0.0,0.0,False,,Current,False,False,False,0.0,0.0,True,False,True,True,False,False,False,False,4,Apr,Apr 2025,True,Late Payment,Yellow,3.0,
INV-1074,RE,V004,Fresh Beverages Inc,US01,2025-04-10,2025-04-11,2025,4,2025-05-11,2025-04-19,FI-1007,PO-45044,400000,CC-200,Inventory,4698.93,Net 30,0.0,,,4698.93,USD,ACH,Net 30,,Paid,1.0,4698.93,4698.93,8.0,0.0,0.0,False,,Current,False,False,False,0.0,0.0,True,False,True,False,False,False,False,False,4,Apr,Apr 2025,False,,,9.0,
INV-1075,KR,V003,Packaging World,US02,2025-04-14,2025-04-15,2025,4,2025-05-15,2025-05-05,REF-1006,PO-45045,660000,CC-200,Packaging,1078.41,Net 30,0.0,,,1078.41,USD,ACH,Net 30,,Paid,1.0,1078.41,1078.41,20.0,0.0,0.0,False,,Current,False,False,False,0.0,0.0,True,False,True,False,False,False,False,False,4,Apr,Apr 2025,False,,,9.0,
INV-1076,KA,V007,IT Services Group,US01,2025-04-14,2025-04-15,2025,4,2025-05-30,,IT-1005,,640000,CC-100,Professional Services,1662.11,Net 45,0.0,,,0.0,USD,,Net 45,,Overdue,1.0,1662.11,0.0,,1662.11,1662.11,True,31,31-60 Days,False,False,False,0.0,0.0,False,False,False,False,False,False,False,False,4,Apr,Apr 2025,True,Overdue Invoice,Red,1.0,76
INV-1077,KR,V013,EuroFreight GmbH,US02,2025-04-15,2025-04-16,2025,4,2025-05-16,2025-04-23,EF-1004,PO-45046,610000,CC-300,Freight,2392.56,Net 30,0.0,,,2392.56,EUR,Wire,Net 30,,Paid,1.0721,2565.06,2565.06,7.0,0.0,0.0,False,,Current,False,False,False,0.0,0.0,True,False,True,False,False,False,False,False,4,Apr,Apr 2025,False,,,9.0,
INV-1078,KR,V006,Northside Transport,US02,2025-04-20,2025-04-21,2025,4,2025-05-21,2025-05-28,NT-1005,PO-45047,610000,CC-300,Freight,1598.27,Net 30,0.0,,,1598.27,USD,Wire,Net 30,,Paid,1.0,1598.27,1598.27,37.0,0.0,0.0,False,,Current,False,False,False,0.0,0.0,True,False,True,True,False,False,False,False,4,Apr,Apr 2025,True,Late Payment,Yellow,3.0,
INV-1079,KA,V007,IT Services Group,US01,2025-04-20,2025-04-21,2025,4,2025-06-05,2025-05-24,IT-1006,,640000,CC-100,Professional Services,1930.38,Net 45,0.0,,,1930.38,USD,ACH,Net 45,,Paid,1.0,1930.38,1930.38,33.0,0.0,0.0,False,,Current,False,False,False,0.0,0.0,False,False,False,False,False,False,False,False,4,Apr,Apr 2025,False,,,9.0,
INV-1080,KA,V014,Alpha Facilities Mgmt,US03,2025-04-21,2025-04-22,2025,4,2025-05-22,,AF-1004,,650000,CC-400,Facilities,669.31,Net 30,0.0,,,0.0,USD,,Net 30,,Overdue,1.0,669.31,0.0,,669.31,669.31,True,39,31-60 Days,False,False,False,0.0,0.0,False,False,False,False,False,False,False,False,4,Apr,Apr 2025,True,Overdue Invoice,Red,1.0,69
INV-1081,KR,V002,Logistics Partners,US02,2025-04-22,2025-04-23,2025,4,2025-05-23,,VI-1007,PO-45048,610000,CC-300,Freight,1612.56,Net 30,0.0,,,0.0,USD,,Net 30,A,Blocked,1.0,1612.56,0.0,,1612.56,1612.56,True,38,31-60 Days,False,False,False,0.0,0.0,True,True,False,False,True,False,False,False,4,Apr,Apr 2025,True,Blocked Over 30 Days,Red,1.0,68
INV-1082,KR,V003,Packaging World,US02,2025-04-22,2025-04-23,2025,4,2025-05-23,2025-05-28,REF-1007,PO-45049,660000,CC-200,Packaging,838.35,Net 30,0.0,,,838.35,USD,ACH,Net 30,,Paid,1.0,838.35,838.35,35.0,0.0,0.0,False,,Current,False,False,False,0.0,0.0,True,False,True,True,False,False,False,False,4,Apr,Apr 2025,True,Late Payment,Yellow,3.0,
INV-1083,KA,V011,West Coast Paper,US01,2025-04-22,2025-04-23,2025,4,2025-05-08,,WC-1006,,620000,CC-400,Office Supplies,205.09,Net 15,0.0,,,0.0,USD,,Net 15,,In Review,1.0,205.09,0.0,,205.09,205.09,True,53,31-60 Days,False,False,False,0.0,0.0,False,False,False,False,False,True,False,False,4,Apr,Apr 2025,True,In Review Over 15 Days,Amber,2.0,68
INV-1084,KR,V012,Continental Freight,US02,2025-04-23,2025-04-24,2025,4,2025-05-24,,CF-1005,PO-45050,610000,CC-300,Freight,2921.55,2/10 Net 30,58.43,2025-05-04,,0.0,USD,,2/10 Net 30,,Overdue,1.0,2921.55,0.0,,2921.55,2921.55,True,37,31-60 Days,True,False,True,0.0,58.43,True,False,True,False,False,False,True,False,4,Apr,Apr 2025,True,Missed Discount,Amber,2.0,67
INV-1085,KR,V006,Northside Transport,US02,2025-04-25,2025-04-28,2025,4,2025-05-28,2025-05-13,NT-1006,PO-45051,610000,CC-300,Freight,2437.99,Net 30,0.0,,,2437.99,USD,Wire,Net 30,,Paid,1.0,2437.99,2437.99,15.0,0.0,0.0,False,,Current,False,False,False,0.0,0.0,True,False,True,False,False,False,False,False,4,Apr,Apr 2025,False,,,9.0,
INV-1086,KA,V009,Cleaning Solutions,US02,2025-04-26,2025-04-28,2025,4,2025-05-28,2025-05-12,CS-1007,,650000,CC-400,Facilities,565.3,Net 30,0.0,,,565.3,USD,Check,Net 30,,Paid,1.0,565.3,565.3,14.0,0.0,0.0,False,,Current,False,False,False,0.0,0.0,False,False,False,False,False,False,False,False,4,Apr,Apr 2025,False,,,9.0,
INV-1087,KR,V006,Northside Transport,US02,2025-05-05,2025-05-06,2025,5,2025-06-05,2025-05-12,NT-1007,PO-45052,610000,CC-300,Freight,2943.09,Net 30,0.0,,,2943.09,USD,Wire,Net 30,,Paid,1.0,2943.09,2943.09,6.0,0.0,0.0,False,,Current,False,False,False,0.0,0.0,True,False,True,False,False,False,False,False,5,May,May 2025,False,,,9.0,
INV-1088,KR,V015,Suministros MX,MX01,2025-05-06,2025-05-07,2025,5,2025-06-06,2025-06-15,MX-1005,PO-45053,660000,CC-200,Packaging,9375.62,Net 30,0.0,,,9375.62,MXN,Wire,Net 30,,Paid,0.0572,536.29,536.29,39.0,0.0,0.0,False,,Current,False,False,False,0.0,0.0,True,False,True,True,False,False,False,False,5,May,May 2025,True,Late Payment,Yellow,3.0,
INV-1089,KA,V007,IT Services Group,US01,2025-05-07,2025-05-08,2025,5,2025-06-22,,IT-1007,,640000,CC-100,Professional Services,1928.55,Net 45,0.0,,,0.0,USD,,Net 45,,In Review,1.0,1928.55,0.0,,1928.55,1928.55,True,8,0-30 Days,False,False,False,0.0,0.0,False,False,False,False,False,True,False,False,5,May,May 2025,True,In Review Over 15 Days,Amber,2.0,53
INV-1090,KA,V014,Alpha Facilities Mgmt,US03,2025-05-08,2025-05-09,2025,5,2025-06-08,2025-06-12,AF-1005,,650000,CC-400,Facilities,671.56,Net 30,0.0,,,671.56,USD,Check,Net 30,,Paid,1.0,671.56,671.56,34.0,0.0,0.0,False,,Current,False,False,False,0.0,0.0,False,False,False,True,False,False,False,False,5,May,May 2025,True,Late Payment,Yellow,3.0,
INV-1091,KR,V002,Logistics Partners,US02,2025-05-10,2025-05-12,2025,5,2025-06-11,2025-06-04,VI-1008,PO-45054,610000,CC-300,Freight,2616.55,Net 30,0.0,,,2616.55,USD,Wire,Net 30,,Paid,1.0,2616.55,2616.55,23.0,0.0,0.0,False,,Current,False,False,False,0.0,0.0,True,False,True,False,False,False,False,False,5,May,May 2025,False,,,9.0,
INV-1092,KR,V006,Northside Transport,US02,2025-05-11,2025-05-12,2025,5,2025-06-11,2025-06-19,NT-1008,PO-45055,610000,CC-300,Freight,1197.86,Net 30,0.0,,,1197.86,USD,Wire,Net 30,,Paid,1.0,1197.86,1197.86,38.0,0.0,0.0,False,,Current,False,False,False,0.0,0.0,True,False,True,True,False,False,False,False,5,May,May 2025,True,Late Payment,Yellow,3.0,
INV-1093,KA,V001,Office Supply Co,US01,2025-05-14,2025-05-15,2025,5,2025-06-14,,SI-1007,,620000,CC-400,Office Supplies,405.64,Net 30,0.0,,,0.0,USD,,Net 30,,Overdue,1.0,405.64,0.0,,405.64,405.64,True,16,0-30 Days,False,False,False,0.0,0.0,False,False,False,False,False,False,False,False,5,May,May 2025,True,Overdue Invoice,Red,1.0,46
INV-1094,KA,V007,IT Services Group,US01,2025-05-16,2025-05-19,2025,5,2025-07-03,2025-05-27,IT-1008,,640000,CC-100,Professional Services,2106.43,Net 45,0.0,,,2106.43,USD,ACH,Net 45,,Paid,1.0,2106.43,2106.43,8.0,0.0,0.0,False,,Current,False,False,False,0.0,0.0,False,False,False,False,False,False,False,False,5,May,May 2025,False,,,9.0,
INV-1095,KR,V002,Logistics Partners,US02,2025-05-18,2025-05-19,2025,5,2025-06-18,2025-06-02,VI-1009,PO-45056,610000,CC-300,Freight,1324.98,Net 30,0.0,,,1324.98,USD,Wire,Net 30,,Paid,1.0,1324.98,1324.98,14.0,0.0,0.0,False,,Current,False,False,False,0.0,0.0,True,False,True,False,False,False,False,False,5,May,May 2025,False,,,9.0,
INV-1096,KA,V009,Cleaning Solutions,US02,2025-05-18,2025-05-19,2025,5,2025-06-18,,CS-1008,,650000,CC-400,Facilities,539.79,Net 30,0.0,,,0.0,USD,,Net 30,A,Blocked,1.0,539.79,0.0,,539.79,539.79,True,12,0-30 Days,False,False,False,0.0,0.0,False,False,False,False,True,False,False,False,5,May,May 2025,True,Blocked Over 30 Days,Red,1.0,42
INV-1097,KR,V010,Metro Packaging,US02,2025-05-18,2025-05-19,2025,5,2025-06-18,2025-05-24,MP-1006,PO-45057,660000,CC-200,Packaging,518.06,2/10 Net 30,10.36,2025-05-29,,310.84,USD,ACH,2/10 Net 30,,Partially Paid,1.0,518.06,310.84,,207.22,207.22,True,12,0-30 Days,True,False,True,0.0,10.36,True,False,True,False,False,False,True,False,5,May,May 2025,True,Missed Discount,Amber,2.0,42
INV-1098,KR,V012,Continental Freight,US02,2025-05-18,2025-05-19,2025,5,2025-06-18,2025-06-14,CF-1006,PO-45058,610000,CC-300,Freight,3210.18,2/10 Net 30,64.2,2025-05-29,True,3210.18,USD,Wire,2/10 Net 30,,Paid,1.0,3210.18,3210.18,26.0,0.0,0.0,False,,Current,True,False,True,0.0,64.2,True,False,True,False,False,False,True,False,5,May,May 2025,True,Missed Discount,Amber,2.0,
INV-1099,KA,V001,Office Supply Co,US01,2025-05-21,2025-05-22,2025,5,2025-06-21,,SI-1008,,620000,CC-400,Office Supplies,489.21,Net 30,0.0,,,0.0,USD,,Net 30,,Overdue,1.0,489.21,0.0,,489.21,489.21,True,9,0-30 Days,False,False,False,0.0,0.0,False,False,False,False,False,False,False,False,5,May,May 2025,True,Overdue Invoice,Red,1.0,39
INV-1100,KR,V013,EuroFreight GmbH,US02,2025-05-21,2025-05-22,2025,5,2025-06-21,,EF-1005,PO-45059,610000,CC-300,Freight,1279.6,Net 30,0.0,,,0.0,EUR,,Net 30,,Overdue,1.0721,1371.86,0.0,,1279.6,1371.86,True,9,0-30 Days,False,False,False,0.0,0.0,True,False,True,False,False,False,False,False,5,May,May 2025,True,Overdue Invoice,Red,1.0,39
INV-1101,KA,V005,City Utilities,US01,2025-05-22,2025-05-23,2025,5,2025-06-07,2025-05-30,UT-1007,,630000,CC-400,Utilities,621.64,Net 15,0.0,,,621.64,USD,ACH,Net 15,,Paid,1.0,621.64,621.64,7.0,0.0,0.0,False,,Current,False,False,False,0.0,0.0,False,False,False,False,False,False,False,False,5,May,May 2025,False,,,9.0,
INV-1102,KA,V011,West Coast Paper,US01,2025-05-22,2025-05-23,2025,5,2025-06-07,2025-06-05,WC-1007,,620000,CC-400,Office Supplies,125.11,Net 15,0.0,,,125.11,USD,ACH,Net 15,,Paid,1.0,125.11,125.11,13.0,0.0,0.0,False,,Current,False,False,False,0.0,0.0,False,False,False,False,False,False,False,False,5,May,May 2025,False,,,9.0,
INV-1103,KR,V012,Continental Freight,US02,2025-05-22,2025-05-23,2025,5,2025-06-22,,CF-1007,PO-45060,610000,CC-300,Freight,2032.45,2/10 Net 30,40.65,2025-06-02,,0.0,USD,,2/10 Net 30,A,Blocked,1.0,2032.45,0.0,,2032.45,2032.45,True,8,0-30 Days,True,False,True,0.0,40.65,True,True,False,False,True,False,True,False,5,May,May 2025,True,Blocked Over 30 Days,Red,1.0,38
INV-1104,KR,V003,Packaging World,US02,2025-05-23,2025-05-26,2025,5,2025-06-25,2025-06-08,REF-1008,PO-45061,660000,CC-200,Packaging,1041.13,Net 30,0.0,,,624.68,USD,ACH,Net 30,,Partially Paid,1.0,1041.13,624.68,,416.45,416.45,True,5,0-30 Days,False,False,False,0.0,0.0,True,False,True,False,False,False,False,False,5,May,May 2025,True,Overdue Invoice,Red,1.0,35
INV-1105,RE,V004,Fresh Beverages Inc,US01,2025-05-23,2025-05-26,2025,5,2025-06-25,2025-05-31,FI-1008,PO-45062,400000,CC-200,Inventory,4953.99,Net 30,0.0,,,4953.99,USD,ACH,Net 30,,Paid,1.0,4953.99,4953.99,5.0,0.0,0.0,False,,Current,False,False,False,0.0,0.0,True,False,True,False,False,False,False,False,5,May,May 2025,False,,,9.0,
INV-1106,RE,V008,Vendor One Foods,US01,2025-05-25,2025-05-26,2025,5,2025-06-25,2025-06-01,VF-1007,PO-45063,400000,CC-200,Inventory,4587.42,Net 30,0.0,,,4587.42,USD,ACH,Net 30,,Paid,1.0,4587.42,4587.42,6.0,0.0,0.0,False,,Current,False,False,False,0.0,0.0,True,False,True,False,False,False,False,False,5,May,May 2025,False,,,9.0,
INV-1107,KA,V005,City Utilities,US01,2025-05-26,2025-05-27,2025,5,2025-06-11,,UT-1008,,630000,CC-400,Utilities,656.81,Net 15,0.0,,,0.0,USD,,Net 15,,Overdue,1.0,656.81,0.0,,656.81,656.81,True,19,0-30 Days,False,False,False,0.0,0.0,False,False,False,False,False,False,False,False,5,May,May 2025,True,Overdue Invoice,Red,1.0,34
INV-1108,KA,V009,Cleaning Solutions,US02,2025-05-26,2025-05-27,2025,5,2025-06-26,2025-06-11,CS-1009,,650000,CC-400,Facilities,556.04,Net 30,0.0,,,556.04,USD,Check,Net 30,,Paid,1.0,556.04,556.04,15.0,0.0,0.0,False,,Current,False,False,False,0.0,0.0,False,False,False,False,False,False,False,False,5,May,May 2025,False,,,9.0,
INV-1109,KR,V003,Packaging World,US02,2025-06-02,2025-06-03,2025,6,2025-07-03,2025-06-17,REF-1009,PO-45064,660000,CC-200,Packaging,1117.77,Net 30,0.0,,,1117.77,USD,ACH,Net 30,,Paid,1.0,1117.77,1117.77,14.0,0.0,0.0,False,,Current,False,False,False,0.0,0.0,True,False,True,False,False,False,False,False,6,Jun,Jun 2025,False,,,9.0,
INV-1110,KA,V005,City Utilities,US01,2025-06-03,2025-06-04,2025,6,2025-06-19,2025-06-14,UT-1009,,630000,CC-400,Utilities,480.03,Net 15,0.0,,,480.03,USD,ACH,Net 15,,Paid,1.0,480.03,480.03,10.0,0.0,0.0,False,,Current,False,False,False,0.0,0.0,False,False,False,False,False,False,False,False,6,Jun,Jun 2025,False,,,9.0,
INV-1111,KA,V007,IT Services Group,US01,2025-06-04,2025-06-05,2025,6,2025-07-20,,IT-1009,,640000,CC-100,Professional Services,2101.88,Net 45,0.0,,,0.0,USD,,Net 45,,Open,1.0,2101.88,0.0,,2101.88,2101.88,False,,Current,False,False,False,0.0,0.0,False,False,False,False,False,False,False,False,6,Jun,Jun 2025,False,,,9.0,25
INV-1112,RE,V008,Vendor One Foods,US01,2025-06-04,2025-06-05,2025,6,2025-07-05,,VF-1008,PO-45065,400000,CC-200,Inventory,2243.47,Net 30,0.0,,,0.0,USD,,Net 30,,Open,1.0,2243.47,0.0,,2243.47,2243.47,False,,Current,False,False,False,0.0,0.0,True,False,True,False,False,False,False,False,6,Jun,Jun 2025,False,,,9.0,25
INV-1113,KA,V009,Cleaning Solutions,US02,2025-06-06,2025-06-09,2025,6,2025-07-09,2025-06-21,CS-1010,,650000,CC-400,Facilities,440.7,Net 30,0.0,,,440.7,USD,Check,Net 30,,Paid,1.0,440.7,440.7,12.0,0.0,0.0,False,,Current,False,False,False,0.0,0.0,False,False,False,False,False,False,False,False,6,Jun,Jun 2025,False,,,9.0,
INV-1114,KA,V001,Office Supply Co,US01,2025-06-07,2025-06-09,2025,6,2025-07-09,2025-06-26,SI-1009,,620000,CC-400,Office Supplies,140.29,Net 30,0.0,,,140.29,USD,ACH,Net 30,,Paid,1.0,140.29,140.29,17.0,0.0,0.0,False,,Current,False,False,False,0.0,0.0,False,False,False,False,False,False,False,False,6,Jun,Jun 2025,False,,,9.0,
INV-1115,KR,V010,Metro Packaging,US02,2025-06-07,2025-06-09,2025,6,2025-07-09,,MP-1007,PO-45066,660000,CC-200,Packaging,955.16,2/10 Net 30,19.1,2025-06-19,,0.0,USD,,2/10 Net 30,,Open,1.0,955.16,0.0,,955.16,955.16,False,,Current,True,False,True,0.0,19.1,True,False,True,False,False,False,True,False,6,Jun,Jun 2025,True,Missed Discount,Amber,2.0,21
INV-1116,KR,V012,Continental Freight,US02,2025-06-08,2025-06-09,2025,6,2025-07-09,2025-06-24,CF-1008,PO-45067,610000,CC-300,Freight,1920.14,2/10 Net 30,38.4,2025-06-19,True,1920.14,USD,Wire,2/10 Net 30,,Paid,1.0,1920.14,1920.14,15.0,0.0,0.0,False,,Current,True,False,True,0.0,38.4,True,False,True,False,False,False,True,False,6,Jun,Jun 2025,True,Missed Discount,Amber,2.0,
INV-1117,KA,V005,City Utilities,US01,2025-06-09,2025-06-10,2025,6,2025-06-25,2025-06-18,UT-1010,,630000,CC-400,Utilities,466.31,Net 15,0.0,,,466.31,USD,ACH,Net 15,,Paid,1.0,466.31,466.31,8.0,0.0,0.0,False,,Current,False,False,False,0.0,0.0,False,False,False,False,False,False,False,False,6,Jun,Jun 2025,False,,,9.0,
INV-1118,RE,V004,Fresh Beverages Inc,US01,2025-06-13,2025-06-16,2025,6,2025-07-16,,FI-1009,PO-45068,400000,CC-200,Inventory,2680.01,Net 30,0.0,,,0.0,USD,,Net 30,,Open,1.0,2680.01,0.0,,2680.01,2680.01,False,,Current,False,False,False,0.0,0.0,True,False,True,False,False,False,False,False,6,Jun,Jun 2025,False,,,9.0,14
INV-1119,KR,V003,Packaging World,US02,2025-06-17,2025-06-18,2025,6,2025-07-18,,REF-1010,PO-45069,660000,CC-200,Packaging,1015.84,Net 30,0.0,,,0.0,USD,,Net 30,,Open,1.0,1015.84,0.0,,1015.84,1015.84,False,,Current,False,False,False,0.0,0.0,True,False,True,False,False,False,False,False,6,Jun,Jun 2025,False,,,9.0,12
INV-1120,KA,V011,West Coast Paper,US01,2025-06-18,2025-06-19,2025,6,2025-07-04,,WC-1008,,620000,CC-400,Office Supplies,573.03,Net 15,0.0,,,0.0,USD,,Net 15,,Open,1.0,573.03,0.0,,573.03,573.03,False,,Current,False,False,False,0.0,0.0,False,False,False,False,False,False,False,False,6,Jun,Jun 2025,False,,,9.0,11
INV-1121,KR,V010,Metro Packaging,US02,2025-06-19,2025-06-20,2025,6,2025-07-20,,MP-1008,PO-45070,660000,CC-200,Packaging,704.3,2/10 Net 30,14.09,2025-06-30,,0.0,USD,,2/10 Net 30,,Open,1.0,704.3,0.0,,704.3,704.3,False,,Current,True,False,False,0.0,0.0,True,False,True,False,False,False,False,False,6,Jun,Jun 2025,False,,,9.0,10
INV-1122,KR,V012,Continental Freight,US02,2025-06-19,2025-06-20,2025,6,2025-07-20,,CF-1009,PO-45071,610000,CC-300,Freight,1606.25,2/10 Net 30,32.12,2025-06-30,,0.0,USD,,2/10 Net 30,,Open,1.0,1606.25,0.0,,1606.25,1606.25,False,,Current,True,False,False,0.0,0.0,True,False,True,False,False,False,False,False,6,Jun,Jun 2025,False,,,9.0,10
INV-1123,KR,V006,Northside Transport,US02,2025-06-20,2025-06-23,2025,6,2025-07-23,,NT-1009,PO-45072,610000,CC-300,Freight,1852.96,Net 30,0.0,,,0.0,USD,,Net 30,,Open,1.0,1852.96,0.0,,1852.96,1852.96,False,,Current,False,False,False,0.0,0.0,True,False,True,False,False,False,False,False,6,Jun,Jun 2025,False,,,9.0,7
INV-1124,KR,V002,Logistics Partners,US02,2025-06-21,2025-06-23,2025,6,2025-07-23,,VI-1010,PO-45073,610000,CC-300,Freight,2253.2,Net 30,0.0,,,0.0,USD,,Net 30,,Open,1.0,2253.2,0.0,,2253.2,2253.2,False,,Current,False,False,False,0.0,0.0,True,False,True,False,False,False,False,False,6,Jun,Jun 2025,False,,,9.0,7
INV-1125,KA,V011,West Coast Paper,US01,2025-06-21,2025-06-23,2025,6,2025-07-08,,WC-1009,,620000,CC-400,Office Supplies,467.32,Net 15,0.0,,,0.0,USD,,Net 15,,Open,1.0,467.32,0.0,,467.32,467.32,False,,Current,False,False,False,0.0,0.0,False,False,False,False,False,False,False,False,6,Jun,Jun 2025,False,,,9.0,7
INV-1126,KR,V015,Suministros MX,MX01,2025-06-24,2025-06-25,2025,6,2025-07-25,,MX-1006,PO-45074,660000,CC-200,Packaging,18198.08,Net 30,0.0,,,0.0,MXN,,Net 30,,Open,0.0572,1040.93,0.0,,18198.08,1040.93,False,,Current,False,False,False,0.0,0.0,True,False,True,False,False,False,False,False,6,Jun,Jun 2025,False,,,9.0,5
INV-1127,KA,V014,Alpha Facilities Mgmt,US03,2025-06-25,2025-06-26,2025,6,2025-07-26,,AF-1006,,650000,CC-400,Facilities,838.69,Net 30,0.0,,,0.0,USD,,Net 30,,Open,1.0,838.69,0.0,,838.69,838.69,False,,Current,False,False,False,0.0,0.0,False,False,False,False,False,False,False,False,6,Jun,Jun 2025,False,,,9.0,4
INV-1128,KA,V001,Office Supply Co,US01,2025-06-26,2025-06-27,2025,6,2025-07-27,,SI-1010,,620000,CC-400,Office Supplies,344.11,Net 30,0.0,,,0.0,USD,,Net 30,,Open,1.0,344.11,0.0,,344.11,344.11,False,,Current,False,False,False,0.0,0.0,False,False,False,False,False,False,False,False,6,Jun,Jun 2025,False,,,9.0,3
INV-1129,RE,V008,Vendor One Foods,US01,2025-06-26,2025-06-27,2025,6,2025-07-27,,VF-1009,PO-45075,400000,CC-200,Inventory,2237.15,Net 30,0.0,,,0.0,USD,,Net 30,,Open,1.0,2237.15,0.0,,2237.15,2237.15,False,,Current,False,False,False,0.0,0.0,True,False,True,False,False,False,False,False,6,Jun,Jun 2025,False,,,9.0,3
INV-1130,KR,V013,EuroFreight GmbH,US02,2025-06-26,2025-06-27,2025,6,2025-07-27,,EF-1006,PO-45076,610000,CC-300,Freight,1942.33,Net 30,0.0,,,0.0,EUR,,Net 30,,Open,1.0721,2082.37,0.0,,1942.33,2082.37,False,,Current,False,False,False,0.0,0.0,True,False,True,False,False,False,False,False,6,Jun,Jun 2025,False,,,9.0,3
